<?xml version="1.0" encoding="UTF-8"?>
<project-private xmlns="http://www.netbeans.org/ns/project-private/1">
    <editor-bookmarks xmlns="http://www.netbeans.org/ns/editor-bookmarks/2" lastBookmarkId="0"/>
    <open-files xmlns="http://www.netbeans.org/ns/projectui-open-files/2">
        <group>
            <file>file:/C:/Users/dmanu/OneDrive/ED/Fichas%20Práticas/FP12/FP12.ex1/src/Graph/GraphMatrix.java</file>
            <file>file:/C:/Users/dmanu/OneDrive/ED/Fichas%20Práticas/FP12/FP12.ex1/src/fp12/ex1/demo.java</file>
        </group>
    </open-files>
</project-private>
