<?xml version="1.0" encoding="UTF-8"?>
<project-private xmlns="http://www.netbeans.org/ns/project-private/1">
    <editor-bookmarks xmlns="http://www.netbeans.org/ns/editor-bookmarks/2" lastBookmarkId="0"/>
    <open-files xmlns="http://www.netbeans.org/ns/projectui-open-files/2">
        <group>
            <file>file:/C:/Users/dmanu/OneDrive/ED/FP6/ex1/src/ex1/ArrayStack.java</file>
            <file>file:/C:/Users/dmanu/OneDrive/ED/FP6/ex1/src/ex1/demo.java</file>
            <file>file:/C:/Users/dmanu/OneDrive/ED/FP6/ex1/src/Interfaces/SmackStackADT.java</file>
        </group>
    </open-files>
</project-private>
